t,xS,xG,u,dS,dG,zS,zG
0,0,0,0,0,-0,0,0
0.0005,0,0,0,0,-0,0,0
0.001,0,0,0,0,-0,0,0
0.0015,0,0,0,0,-0,0,0
0.002,0,0,0,0,-0,0,0
0.0025,0,0,0,0,-0,0,0
0.003,0,0,0,0,-0,0,0
0.0035,0,0,0,0,-0,0,0
0.004,0,0,0,0,-0,0,0
0.0045,0,0,0,0,-0,0,0
0.005,0,0,0,0,-0,0,0
0.0055,0,0,0,0,-0,0,0
0.006,0,0,0,0,-0,0,0
0.0065,0,0,0,0,-0,0,0
0.007,0,0,0,0,-0,0,0
0.0075,0,0,0,0,-0,0,0
0.008,0,0,0,0,-0,0,0
0.0085,0,0,0,0,-0,0,0
0.009,0,0,0,0,-0,0,0
0.0095,0,0,0,0,-0,0,0
0.01,0,0,0,0,-0,0,0
0.0105,0,0,0,0,-0,0,0
0.011,0,0,0,0,-0,0,0
0.0115,0,0,0,0,-0,0,0
0.012,0,0,0,0,-0,0,0
0.0125,0,0,0,0,-0,0,0
0.013,0,0,0,0,-0,0,0
0.0135,0,0,0,0,-0,0,0
0.014,0,0,0,0,-0,0,0
0.0145,0,0,0,0,-0,0,0
0.015,0,0,0,0,-0,0,0
0.0155,0,0,0,0,-0,0,0
0.016,0,0,0,0,-0,0,0
0.0165,0,0,0,0,-0,0,0
0.017,0,0,0,0,-0,0,0
0.0175,0,0,0,0,-0,0,0
0.018,0,0,0,0,-0,0,0
0.0185,0,0,0,0,-0,0,0
0.019,0,0,0,0,-0,0,0
0.0195,0,0,0,0,-0,0,0
0.02,0,0,0,0,-0,0,0
0.0205,0,0,0,0,-0,0,0
0.021,0,0,0,0,-0,0,0
0.0215,0,0,0,0,-0,0,0
0.022,0,0,0,0,-0,0,0
0.0225,0,0,0,0,-0,0,0
0.023,0,0,0,0,-0,0,0
0.0235,0,0,0,0,-0,0,0
0.024,0,0,0,0,-0,0,0
0.0245,0,0,0,0,-0,0,0
0.025,0,0,0,0,-0,0,0
0.0255,0,0,0,0,-0,0,0
0.026,0,0,0,0,-0,0,0
0.0265,0,0,0,0,-0,0,0
0.027,0,0,0,0,-0,0,0
0.0275,0,0,0,0,-0,0,0
0.028,0,0,0,0,-0,0,0
0.0285,0,0,0,0,-0,0,0
0.029,0,0,0,0,-0,0,0
0.0295,0,0,0,0,-0,0,0
0.03,0,0,0,0,-0,0,0
0.0305,0,0,0,0,-0,0,0
0.031,0,0,0,0,-0,0,0
0.0315,0,0,0,0,-0,0,0
0.032,0,0,0,0,-0,0,0
0.0325,0,0,0,0,-0,0,0
0.033,0,0,0,0,-0,0,0
0.0335,0,0,0,0,-0,0,0
0.034,0,0,0,0,-0,0,0
0.0345,0,0,0,0,-0,0,0
0.035,0,0,0,0,-0,0,0
0.0355,0,0,0,0,-0,0,0
0.036,0,0,0,0,-0,0,0
0.0365,0,0,0,0,-0,0,0
0.037,0,0,0,0,-0,0,0
0.0375,0,0,0,0,-0,0,0
0.038,0,0,0,0,-0,0,0
0.0385,0,0,0,0,-0,0,0
0.039,0,0,0,0,-0,0,0
0.0395,0,0,0,0,-0,0,0
0.04,0,0,0,0,-0,0,0
0.0405,0,0,0,0,-0,0,0
0.041,0,0,0,0,-0,0,0
0.0415,0,0,0,0,-0,0,0
0.042,0,0,0,0,-0,0,0
0.0425,0,0,0,0,-0,0,0
0.043,0,0,0,0,-0,0,0
0.0435,0,0,0,0,-0,0,0
0.044,0,0,0,0,-0,0,0
0.0445,0,0,0,0,-0,0,0
0.045,0,0,0,0,-0,0,0
0.0455,0,0,0,0,-0,0,0
0.046,0,0,0,0,-0,0,0
0.0465,0,0,0,0,-0,0,0
0.047,0,0,0,0,-0,0,0
0.0475,0,0,0,0,-0,0,0
0.048,0,0,0,0,-0,0,0
0.0485,0,0,0,0,-0,0,0
0.049,0,0,0,0,-0,0,0
0.0495,0,0,0,0,-0,0,0
0.05,0,0,0,0,-0,0,0
0.0505,0,0,0,0,-0,0,0
0.051,0,0,0,0,-0,0,0
0.0515,0,0,0,0,-0,0,0
0.052,0,0,0,0,-0,0,0
0.0525,0,0,0,0,-0,0,0
0.053,0,0,0,0,-0,0,0
0.0535,0,0,0,0,-0,0,0
0.054,0,0,0,0,-0,0,0
0.0545,0,0,0,0,-0,0,0
0.055,0,0,0,0,-0,0,0
0.0555,0,0,0,0,-0,0,0
0.056,0,0,0,0,-0,0,0
0.0565,0,0,0,0,-0,0,0
0.057,0,0,0,0,-0,0,0
0.0575,0,0,0,0,-0,0,0
0.058,0,0,0,0,-0,0,0
0.0585,0,0,0,0,-0,0,0
0.059,0,0,0,0,-0,0,0
0.0595,0,0,0,0,-0,0,0
0.06,0,0,0,0,-0,0,0
0.0605,0,0,0,0,-0,0,0
0.061,0,0,0,0,-0,0,0
0.0615,0,0,0,0,-0,0,0
0.062,0,0,0,0,-0,0,0
0.0625,0,0,0,0,-0,0,0
0.063,0,0,0,0,-0,0,0
0.0635,0,0,0,0,-0,0,0
0.064,0,0,0,0,-0,0,0
0.0645,0,0,0,0,-0,0,0
0.065,0,0,0,0,-0,0,0
0.0655,0,0,0,0,-0,0,0
0.066,0,0,0,0,-0,0,0
0.0665,0,0,0,0,-0,0,0
0.067,0,0,0,0,-0,0,0
0.0675,0,0,0,0,-0,0,0
0.068,0,0,0,0,-0,0,0
0.0685,0,0,0,0,-0,0,0
0.069,0,0,0,0,-0,0,0
0.0695,0,0,0,0,-0,0,0
0.07,0,0,0,0,-0,0,0
0.0705,0,0,0,0,-0,0,0
0.071,0,0,0,0,-0,0,0
0.0715,0,0,0,0,-0,0,0
0.072,0,0,0,0,-0,0,0
0.0725,0,0,0,0,-0,0,0
0.073,0,0,0,0,-0,0,0
0.0735,0,0,0,0,-0,0,0
0.074,0,0,0,0,-0,0,0
0.0745,0,0,0,0,-0,0,0
0.075,0,0,0,0,-0,0,0
0.0755,0,0,0,0,-0,0,0
0.076,0,0,0,0,-0,0,0
0.0765,0,0,0,0,-0,0,0
0.077,0,0,0,0,-0,0,0
0.0775,0,0,0,0,-0,0,0
0.078,0,0,0,0,-0,0,0
0.0785,0,0,0,0,-0,0,0
0.079,0,0,0,0,-0,0,0
0.0795,0,0,0,0,-0,0,0
0.08,0,0,0,0,-0,0,0
0.0805,0,0,0,0,-0,0,0
0.081,0,0,0,0,-0,0,0
0.0815,0,0,0,0,-0,0,0
0.082,0,0,0,0,-0,0,0
0.0825,0,0,0,0,-0,0,0
0.083,0,0,0,0,-0,0,0
0.0835,0,0,0,0,-0,0,0
0.084,0,0,0,0,-0,0,0
0.0845,0,0,0,0,-0,0,0
0.085,0,0,0,0,-0,0,0
0.0855,0,0,0,0,-0,0,0
0.086,0,0,0,0,-0,0,0
0.0865,0,0,0,0,-0,0,0
0.087,0,0,0,0,-0,0,0
0.0875,0,0,0,0,-0,0,0
0.088,0,0,0,0,-0,0,0
0.0885,0,0,0,0,-0,0,0
0.089,0,0,0,0,-0,0,0
0.0895,0,0,0,0,-0,0,0
0.09,0,0,0,0,-0,0,0
0.0905,0,0,0,0,-0,0,0
0.091,0,0,0,0,-0,0,0
0.0915,0,0,0,0,-0,0,0
0.092,0,0,0,0,-0,0,0
0.0925,0,0,0,0,-0,0,0
0.093,0,0,0,0,-0,0,0
0.0935,0,0,0,0,-0,0,0
0.094,0,0,0,0,-0,0,0
0.0945,0,0,0,0,-0,0,0
0.095,0,0,0,0,-0,0,0
0.0955,0,0,0,0,-0,0,0
0.096,0,0,0,0,-0,0,0
0.0965,0,0,0,0,-0,0,0
0.097,0,0,0,0,-0,0,0
0.0975,0,0,0,0,-0,0,0
0.098,0,0,0,0,-0,0,0
0.0985,0,0,0,0,-0,0,0
0.099,0,0,0,0,-0,0,0
0.0995,0,0,0,0,-0,0,0
0.1,1.00884036681114e-29,-4.40918355090854e-30,0,0,-0,2.09782617391388e-41,3.16346714283842e-37
0.1005,0.000419459590717625,-0.00018190375819289,0,0.0154133313343601,-0.0154133313343601,-6.28926825046612e-07,-3.14177308575378e-06
0.101,0.0032846791223859,-0.00144104161687063,0,0.0615582970243115,-0.0615582970243115,-9.97036286633229e-07,-4.40402120382282e-06
0.1015,0.010846982227237,-0.00481336551804577,0,0.138150398011617,-0.138150398011617,-1.00953692181789e-07,-1.5834632166776e-06
0.102,0.025147355170784,-0.0112851212765907,0,0.244717418524229,-0.244717418524229,2.8977826134956e-06,1.39031306351095e-05
0.1025,0.0480182924013714,-0.0217881669646041,0,0.380602337443563,-0.380602337443563,3.58517186237771e-06,1.42631458970305e-05
0.103,0.0810858832922859,-0.037195407849869,0,0.544967379058157,-0.544967379058157,3.88655064446803e-06,1.74032333347638e-05
0.1035,0.125772068076586,-0.0583166015565514,0,0.736799178229534,-0.736799178229534,4.32704367716418e-06,2.04606052129412e-05
0.104,0.18329716305295,-0.0858945439076955,0,0.954915028125258,-0.954915028125258,3.53705911805764e-06,1.17691505445898e-05
0.1045,0.254682733766237,-0.120597476998799,0,1.19797017199984,-1.19797017199984,5.46035973851407e-07,0.00223970257224186
0.105,0.340754858313924,-0.162971861370508,0,1.46446609406726,-1.46446609406726,-3.62660935997957e-06,0.0177090310246882
0.1055,0.442147821163317,-0.213399583706464,0,1.75275975834908,-1.75275975834908,-6.46941825073141e-06,0.0591758297976944
0.106,0.559308284479451,-0.272098831306184,0,2.06107373853763,-2.06107373853763,-9.28295807600991e-06,0.138766032505001
0.1065,0.692510165556661,-0.339114105919672,0,2.38750717642025,-2.38750717642025,0.0019441404185122,0.276373412276635
0.107,0.841967627091904,-0.414157689027884,0,2.73004750130226,-2.73004750130226,0.0154195035724591,0.523197566529985
0.1075,1.00793296305564,-0.49647327289207,0,3.08658283817455,-3.08658283817455,0.0515035515029144,0.934235647801602
0.108,1.19068608251438,-0.584862563725251,0,3.45491502812526,-3.45491502812526,0.12075102123832,1.55945011151295
0.1085,1.39051556588287,-0.677722140586263,0,3.83277318072047,-3.83277318072047,0.233133459288831,2.4437144020103
0.109,1.60770209499658,-0.77307551452731,0,4.21782767479884,-4.21782767479884,0.397990786790546,3.62627161427773
0.1095,1.84250429917221,-0.86860301217561,0,4.60770452136077,-4.60770452136077,0.623987385136097,5.14025663744721
0.11,2.09514701972783,-0.961666468728246,0,5,-5,0.919071322520649,7.0127592381726
0.1105,2.36581175963465,-1.04932776857102,0,5.39229547863922,-5.39229547863922,1.29039286337403,9.26475828251159
0.111,2.65462468518821,-1.12836962162343,0,5.78217232520115,-5.78217232520115,1.74379897039494,11.909236625724
0.1115,2.96163558742282,-1.19533153600527,0,6.16722681927952,-6.16722681927952,2.28337564196323,14.9495775341087
0.112,3.28679617932501,-1.2465507227555,0,6.54508497187473,-6.54508497187473,2.91145750422983,18.3799751898234
0.1125,3.62994134065727,-1.27820334616626,0,6.91341716182545,-6.91341716182545,3.62852089815623,22.1861856680287
0.113,3.99075534833519,-1.28634049468586,0,7.26995249869773,-7.26995249869773,4.43148726636345,26.3481813807569
0.1135,4.36869801995761,-1.26690747120552,0,7.61249282357974,-7.61249282357974,5.31226404007539,30.8424763077703
0.114,4.76292359432287,-1.21576303923941,0,7.93892626146237,-7.93892626146237,6.25802944495462,35.6422192278799
0.1145,5.1722088126865,-1.12870995754485,0,8.24724024165092,-8.24724024165092,7.25162690362194,40.7170428904055
0.115,5.59488834806523,-1.00153929966187,0,8.53553390593274,-8.53553390593274,8.27190800213367,46.0329882497155
0.1155,6.02879633482948,-0.830088979431435,0,8.80202982800015,-8.80202982800015,9.29405223038529,51.5526638676884
0.116,6.47121347395152,-0.610316179982326,0,9.04508497187474,-9.04508497187474,10.2898312208149,57.2355142780727
0.1165,6.91881935214589,-0.338383914494262,0,9.26320082177046,-9.26320082177046,11.2278071355733,63.0381363488272
0.117,7.36765118850344,-0.0107619874551174,0,9.45503262094184,-9.45503262094184,12.0735549641346,68.914481792858
0.1175,7.81307436979302,0.375654375690359,0,9.61939766255643,-9.61939766255643,12.7900474482328,74.8156736439547
0.118,8.24977109099469,0.823405608842907,0,9.75528258147576,-9.75528258147576,13.3380927443565,80.6898089500328
0.1185,8.67175141140976,1.33431137344747,0,9.86184960198838,-9.86184960198838,13.6767758089374,86.4819592488815
0.119,9.0723905641885,1.90930050163498,0,9.93844170297569,-9.93844170297569,13.7638433020936,92.1340403225559
0.1195,9.44449329185571,2.54822441764747,0,9.98458666866564,-9.98458666866564,13.5559099554037,97.5840548238269
0.12,9.78038640787433,3.24965257637122,0,10,-10,13.0086645394648,102.765360883569
0.1205,10.0720444593359,4.01065929307875,0,9.98458666866564,-9.98458666866564,12.0771965730063,107.606298396592
0.121,10.3112532919332,4.82661590144362,0,9.93844170297569,-9.93844170297569,10.7164705435891,112.030139415355
0.1215,10.4898142453527,5.69100511327815,0,9.86184960198839,-9.86184960198839,8.88195212562456,115.95537789672
0.122,10.599788269077,6.59527771083027,0,9.75528258147577,-9.75528258147577,6.53038317701645,119.296380519695
0.1225,10.6337749758507,7.52877335376931,0,9.61939766255644,-9.61939766255644,3.62070795005389,121.96435721409
0.123,10.5852167011982,8.47872700359957,0,9.45503262094184,-9.45503262094184,0.115153339823394,123.86862769621
0.1235,10.4487127101209,9.43038245816973,0,9.26320082177046,-9.26320082177046,-4.01950173752564,124.918327183996
0.124,10.2203242828878,10.3672350784987,0,9.04508497187474,-9.04508497187474,-8.81043993077321,125.024695272583
0.1245,9.89784708119298,11.2714216496658,0,8.80202982800016,-8.80202982800016,-14.2771315932513,124.103919074477
0.125,9.48102418782961,12.12426552417,0,8.53553390593274,-8.53553390593274,-20.4295152424924,122.080435859935
0.1255,8.97167427504288,12.9069703219277,0,8.24724024165092,-8.24724024165092,-27.2660011081768,118.890503152333
0.126,8.37371495540257,13.6014355129527,0,7.93892626146237,-7.93892626146237,-34.7712823769251,114.485812575408
0.1265,7.69306930290894,14.1911458829482,0,7.61249282357975,-7.61249282357975,-42.9140542590409,108.836977203725
0.127,6.93745402874876,14.662066560676,0,7.26995249869774,-7.26995249869774,-51.6447899578706,101.936723986932
0.1275,6.11606077115972,15.0034588059814,0,6.91341716182546,-6.91341716182546,-60.8937545440133,93.8025809543021
0.128,5.23915527886139,15.2085239674697,0,6.54508497187474,-6.54508497187474,-70.5694713666043,84.4787741735892
0.1285,4.31762985359041,15.2747889010526,0,6.16722681927953,-6.16722681927953,-80.5578747851278,74.0370134392434
0.129,3.36255029049288,15.2041706905325,0,5.78217232520116,-5.78217232520116,-90.7223788911319,62.5758682431952
0.1295,2.38473789554644,15.0026999135573,0,5.39229547863923,-5.39229547863923,-100.905092288995,50.2185193919225
0.13,1.39442006076713,14.6799329252919,0,5,-5,-110.929415366266,37.1088290142237
0.1305,0.400971194230552,14.2481317999579,0,4.60770452136078,-4.60770452136078,-120.604211760311,23.4058473842928
0.131,-0.587247574828723,13.7213224192052,0,4.21782767479885,-4.21782767479885,-129.729641320677,9.27706516348659
0.1315,-1.5629537883834,13.1143488391199,0,3.83277318072047,-3.83277318072047,-138.104582742652,-5.10905784127984
0.132,-2.51992743562075,12.4420262449339,0,3.45491502812526,-3.45491502812526,-145.535360322675,-19.5905458140134
0.1325,-3.45293178144457,11.7184620161576,0,3.08658283817455,-3.08658283817455,-151.845261315361,-34.0185175723123
0.133,-4.35759156730595,10.9565757304256,0,2.73004750130227,-2.73004750130227,-156.88411251588,-48.2622191064199
0.1335,-5.23024755573634,10.1678143234297,0,2.38750717642025,-2.38750717642025,-160.537009507653,-62.2119936495886
0.134,-6.06780319078737,9.36203448136861,0,2.06107373853763,-2.06107373853763,-162.731206681423,-75.780069428457
0.1345,-6.86757521414145,8.54751234827586,0,1.75275975834908,-1.75275975834908,-163.440241415556,-88.8994240881175
0.135,-7.62715627516814,7.73103896873646,0,1.46446609406726,-1.46446609406726,-162.684626501778,-101.521259992038
0.1355,-8.34429440098753,6.91806504636404,0,1.19797017199984,-1.19797017199984,-160.528889077258,-113.611732860938
0.136,-9.01679181213241,6.11286695670132,0,0.954915028125261,-0.954915028125261,-157.075282182701,-125.148521592551
0.1365,-9.6424239147868,5.31871474585856,0,0.736799178229538,-0.736799178229538,-152.455010133985,-136.11765889953
0.137,-10.2188781915698,4.53803045221432,0,0.544967379058159,-0.544967379058159,-146.818149778831,-146.510832963018
0.1375,-10.7437119614188,3.77253084258503,0,0.380602337443566,-0.380602337443566,-140.323532500277,-156.323191926145
0.138,-11.2143274559108,3.02335253362439,0,0.244717418524231,-0.244717418524231,-133.129680769851,-165.551572812548
0.1385,-11.6279623050913,2.29115979408868,0,0.138150398011616,-0.138150398011616,-125.387543546731,-174.193037491515
0.139,-11.9816933163485,1.57623652475051,0,0.0615582970243109,-0.0615582970243109,-117.235360309192,-182.24361064069
0.1395,-12.2724513519682,0.87856438949894,0,0.0154133313343597,-0.0154133313343597,-108.79561326834,-189.697151166244
0.14,-12.4970451415866,0.197889138205457,0,1.49975978266186e-31,-1.49975978266186e-31,-100.173768966896,-196.544327366767
0.1405,-12.6526114268151,-0.466041069396209,0,0,-0,-91.4583815158477,-202.771692504997
0.141,-12.7378379594322,-1.11289591444244,0,0,-0,-82.7221159879667,-208.360895651252
0.1415,-12.7516204438367,-1.74229425822302,0,0,-0,-74.0232959057056,-213.288015817389
0.142,-12.6926672893667,-2.35395831275217,0,0,-0,-65.407679333002,-217.523086331793
0.1425,-12.5595414480382,-2.9476866180685,0,0,-0,-56.9102513757132,-221.0297579931
0.143,-12.3507007072827,-3.52332998195316,0,0,-0,-48.5569297907462,-223.765290478083
0.1435,-12.0645351085695,-4.08076933133286,0,0,-0,-40.3660842984706,-225.680601676447
0.144,-11.6994004354523,-4.61989446126615,0,0,-0,-32.349875564354,-226.720597373765
0.1445,-11.2536469796806,-5.14058308519408,0,0,-0,-24.5154102767646,-226.826943345749
0.145,-10.7256431057881,-5.64268311907775,0,0,-0,-16.8657271279586,-225.945230735177
0.1455,-10.1137934948189,-6.12599209396075,0,0,-0,-9.40063244321423,-224.018779153951
0.146,-9.4165523259665,-6.59022801302894,0,0,-0,-2.11740444079659,-220.987174682583
0.1465,-8.63244264126368,-7.03499604240545,0,0,-0,4.98664174111884,-216.7956729228
0.147,-7.76018484744479,-7.45976661131746,0,0,-0,11.9079860885418,-211.41980098628
0.1475,-6.79885091291686,-7.86384484312602,0,0,-0,18.6425481127918,-204.838947918591
0.148,-5.74792536428658,-8.24630984383476,0,0,-0,25.1873538716402,-197.028644060868
0.1485,-4.60735305086072,-8.60593607938263,0,0,-0,31.5402468732555,-187.961656634193
0.149,-3.37758319563891,-8.94109192625084,0,0,-0,37.6996308331386,-177.60901180851
0.1495,-2.05960979909576,-9.24960613295116,0,0,-0,43.6642318629134,-165.940999722335
0.15,-0.655008870639169,-9.52858962164274,0,0,-0,49.4328707647967,-152.928204401334
0.1505,0.834026589582434,-9.77419525764303,0,0,-0,55.0042390269921,-138.542488321335
0.151,2.40465328216701,-9.98129130626934,0,0,-0,60.376709366665,-122.757732687446
0.1515,4.05334544885316,-10.1430147984269,0,0,-0,65.5481153923978,-105.550578227841
0.152,5.77585963304765,-10.2501593577248,0,0,-0,70.5154397401634,-86.9014354922982
0.1525,7.56719171074418,-10.2903368397042,0,0,-0,75.274457655148,-66.795839099769
0.153,9.42152572960696,-10.2468394119433,0,0,-0,79.8195027385604,-45.2282662795866
0.1535,11.3321768242504,-10.0971255595426,0,0,-0,84.1431398130885,-22.2068628355466
0.154,13.2915149792578,-9.81085257792168,0,0,-0,88.2355153155858,2.24314501698953
0.1545,15.2908561663725,-9.34742373503716,0,0,-0,92.083516032078,28.0755405824148
0.155,17.3203086720411,-8.65315250332964,0,0,-0,95.6696835854373,55.2182190604003
0.1555,19.3685588825344,-7.65843096916913,0,0,-0,98.970785583977,83.5668859049116
0.156,21.4225759602751,-6.27579869204117,0,0,-0,101.955908895078,112.976782491086
0.1565,23.4672087666559,-4.40054500223922,0,0,-0,104.583889181317,143.251674656087
0.157,25.4846409481737,-1.91620018732641,0,0,-0,106.799816878671,174.129190090532
0.1575,27.4536616813064,1.29272686904451,0,0,-0,108.530258212678,205.261553028035
0.158,29.3487022609122,5.32021599570468,0,0,-0,109.676704956391,236.190679111741
0.1585,31.1385874648717,10.2139853735318,0,0,-0,110.10660395878,266.317145950904
0.159,32.784967138758,15.9547489981689,0,0,-0,109.641181432617,294.864290296893
0.1595,34.2404559732092,22.4486075050247,0,0,-0,108.039243207511,320.842237432526
0.16,35.4466612810927,29.5359919733117,0,0,-0,104.976122369788,343.022623536809
0.1605,36.3325978989316,37.0114425875427,0,0,-0,100.017433798795,359.943826900947
0.161,36.8145997398965,44.6429626105972,0,0,-0,92.5887317291915,369.975435814478
0.1615,36.7998269841537,52.1811108183881,0,0,-0,81.9452114179523,371.470637164627
0.162,36.1966238075934,59.3539088227299,0,0,-0,67.1510460687696,363.012862449866
0.1625,34.9351365566781,65.8513805805046,0,0,-0,47.0858316006206,343.712155208563
0.163,32.9979421771589,71.3153514997365,0,0,-0,20.5033421037916,313.449406243061
0.1635,30.4501609898271,75.368371165244,0,0,-0,-13.8321774824154,272.955361289337
0.164,27.4464541331381,77.719734932371,0,0,-0,-56.9263111654677,223.6813439428
0.1645,24.1967790691299,78.3209138001692,0,0,-0,-109.289643528112,167.531005485806
0.165,20.9041970516629,77.4301355269855,0,0,-0,-170.715814314116,106.590902686294
0.1655,17.7153010627888,75.4903826997388,0,0,-0,-240.200100322324,42.9814564009335
0.166,14.7090984151744,72.9350852751934,0,0,-0,-316.035114112744,-21.1198529217236
0.1665,11.9144068075855,70.0796518189417,0,0,-0,-396.022435668362,-83.3200232092699
0.167,9.33269159308095,67.115773128504,0,0,-0,-477.679699910582,-140.886828658393
0.1675,6.95382072296713,64.147669170526,0,0,-0,-558.337885754659,-191.034425593796
0.168,4.76396430166551,61.2278443865218,0,0,-0,-635.086824435893,-232.020263410724
0.1685,2.74880182553495,58.3807576923789,0,0,-0,-704.609772283528,-264.644508607189
0.169,0.894625785754983,55.6162418450531,0,0,-0,-763.074261102979,-292.431823537817
0.1695,-0.811348181503699,52.9368956462934,0,0,-0,-806.441571433035,-319.528487487658
0.17,-2.38093852337013,50.3423542577099,0,0,-0,-831.60116364726,-348.172466222306
0.1705,-3.82503729822854,47.8315236980594,0,0,-0,-838.033777611766,-378.044135939365
0.171,-5.15367161770775,45.4032487820935,0,0,-0,-828.502450208516,-407.440068409353
0.1715,-6.37606812098028,43.0562131152946,0,0,-0,-807.747094952269,-434.710309534261
0.172,-7.5007147830026,40.7887873054931,0,0,-0,-780.405412491467,-458.920517634564
0.1725,-8.53541845942069,38.5990363448138,0,0,-0,-749.852274493338,-479.795183461281
0.173,-9.48735782672402,36.4848133407545,0,0,-0,-718.138772504629,-497.425942830904
0.1735,-10.3631317517841,34.4438565000366,0,0,-0,-686.380060134084,-512.047401990018
0.174,-11.1688032278216,32.4738600754255,0,0,-0,-655.137934957088,-523.931671334088
0.1745,-11.9099390211318,30.572519727533,0,0,-0,-624.674107331742,-533.351704972492
0.175,-12.5916451371536,28.7375600992138,0,0,-0,-595.093787761268,-540.567444303984
0.1755,-13.2185981718552,26.9667513218976,0,0,-0,-566.424783427223,-545.818384949843
0.176,-13.7950726194265,25.2579187430013,0,0,-0,-538.663190556085,-549.320854328378
0.1765,-14.3249642627485,23.6089484302842,0,0,-0,-511.7973035637,-551.268893009876
0.177,-14.8118097836883,22.0177900140585,0,0,-0,-485.814761967017,-551.836636449612
0.1775,-15.2588026619535,20.4824578463188,0,0,-0,-460.701480336308,-551.180797373994
0.178,-15.6688053863837,19.0010310937773,0,0,-0,-436.440024170549,-549.442774579585
0.1785,-16.0443580397766,17.5716531534288,0,0,-0,-413.009688885261,-546.750361768294
0.179,-16.3876833948267,16.1925306362517,0,0,-0,-390.387502743607,-543.219145638891
0.1795,-16.7006887136375,14.8619320798085,0,0,-0,-368.549264553067,-538.95367611791
0.18,-16.9849645366143,13.5781864898727,0,0,-0,-347.470302818748,-534.048464828774
0.1805,-17.2417807930969,12.3396817826701,0,0,-0,-327.125961117874,-528.588845608808
0.181,-17.4720806807728,11.1448631700495,0,0,-0,-307.491893129052,-522.651719106758
0.1815,-17.6764728182039,9.99223149136772,0,0,-0,-288.54423869265,-516.306195497361
0.182,-17.8552221617672,8.88034172204183,0,0,-0,-270.259730137167,-509.614135095723
0.1825,-18.0082406877894,7.80780115146629,0,0,-0,-252.615747851762,-502.630618817633
0.183,-18.1350782437634,6.7732679418721,0,0,-0,-235.590352871805,-495.404321692116
0.1835,-18.234914626679,5.77544956481965,0,0,-0,-219.16229872433,-487.977816640428
0.184,-18.3065536505271,4.8131013403829,0,0,-0,-203.311032492427,-480.387800192461
0.1845,-18.3484202097783,3.88502505016982,0,0,-0,-188.016688547933,-472.665245163111
0.185,-18.3585612172707,2.99006764683394,0,0,-0,-173.260077631455,-464.835483087264
0.1855,-18.3346512264106,2.1271200913489,0,0,-0,-159.022673093982,-456.918219981
0.186,-18.2740036051404,1.29511633951487,0,0,-0,-145.286595296305,-448.927491998094
0.1865,-18.173587949139,0.49303251550603,0,0,-0,-132.03459493453,-440.87156788635
0.187,-18.0300543075575,-0.280113684424872,0,0,-0,-119.250035781304,-432.752806958055
0.1875,-17.8397646120949,-1.02526330380551,0,0,-0,-106.916877194886,-424.567483139327
0.188,-17.5988314990562,-1.74331608715265,0,0,-0,-95.019656647167,-416.305586883518
0.1885,-17.3031644623371,-2.43513000278679,0,0,-0,-83.5434725173836,-407.950619224776
0.189,-16.9485230942875,-3.10152023664662,0,0,-0,-72.4739671443788,-399.479394604606
0.1895,-16.530576774187,-3.7432575086364,0,0,-0,-61.7973104985475,-390.861867416443
0.19,-16.0449700210756,-4.36106555055727,0,0,-0,-51.5001844970343,-382.061001681133
0.1905,-15.4873924209924,-4.95561751687115,0,0,-0,-41.569768191574,-373.032701799874
0.191,-14.8536518093318,-5.52753103707257,0,0,-0,-31.9937239758329,-363.725823701022
0.1915,-14.1397492231159,-6.0773615012131,0,0,-0,-22.7601851327265,-354.082283622788
0.192,-13.3419539892587,-6.60559303589913,0,0,-0,-13.8577449887536,-344.037282098571
0.1925,-12.4568772596916,-7.1126264144419,0,0,-0,-5.2754480717981,-333.519658029302
0.193,-11.4815422872964,-7.59876285639976,0,0,-0,2.99721627473688,-322.452385679587
0.1935,-10.4134498712728,-8.06418223757423,0,0,-0,10.9703172094159,-310.753223717671
0.194,-9.25063745866304,-8.50891365243872,0,0,-0,18.6534819855243,-298.335522873101
0.1945,-7.99173074446432,-8.93279536728636,0,0,-0,26.055890884656,-285.109193375764
0.195,-6.63598685134253,-9.33541994588327,0,0,-0,33.1862663911269,-270.981830138013
0.1955,-5.18332853120228,-9.7160584764296,0,0,-0,40.0528552059456,-255.859989401363
0.196,-3.63436929895235,-10.073555077592,0,0,-0,46.6634012543058,-239.650606775642
0.1965,-1.99042984206976,-10.4061788331518,0,0,-0,53.0251072933098,-222.262544458035
0.197,-0.253546522802833,-10.7114143741166,0,0,-0,59.1445819588155,-203.608254158079
0.1975,1.5735266072678,-10.9856634726697,0,0,-0,65.0277679270603,-183.605544106302
0.198,3.48732034445423,-11.2238171342441,0,0,-0,70.6798453539496,-162.179442969193
0.1985,5.48365481589428,-11.4186389210328,0,0,-0,76.1051025186262,-139.264163108505
0.199,7.55764256190747,-11.5598737377632,0,0,-0,81.306762454145,-114.805181186685
0.1995,9.70368596132055,-11.6329604938392,0,0,-0,86.2867498438529,-88.7614787406866
0.2,11.9154635736576,-11.6171828455086,0,0,-0,91.0453760020326,-61.1080221048228
0.2005,14.1858983967349,-11.4830480735742,0,0,-0,95.5809103533283,-31.8386156014251
0.201,16.5070988863716,-11.1886682084125,0,0,-0,99.8889933550608,-0.969340554183272
0.2015,18.8702604448965,-10.6749968531708,0,0,-0,103.961825650789,31.4570898015044
0.202,21.2655107658347,-9.86009882415985,0,0,-0,107.787039264435,65.3655643956182
0.2025,23.6816760618595,-8.63344092701186,0,0,-0,111.346113420731,100.640661374764
0.203,26.1059361555199,-6.85277000857014,0,0,-0,114.612133672154,137.115515827095
0.2035,28.5233235939724,-4.34839969275232,0,0,-0,117.546598974072,174.555945282331
0.204,30.9160040523761,-0.94127443967503,0,0,-0,120.094843077211,212.637754620728
0.2045,33.262251218093,3.52143736596875,0,0,-0,122.179436087479,250.914586838359
0.205,35.5349991456067,9.11960985992165,0,0,-0,123.690648473081,288.773469887905
0.2055,37.6998227342604,15.8224186486792,0,0,-0,124.472676550055,325.376180236349
0.206,39.7121774222269,23.4824881948166,0,0,-0,124.303855425116,359.588486870777
0.2065,41.5137644148028,31.8668631086151,0,0,-0,122.868613787357,389.909291356641
0.207,43.0280818332739,40.7053323918152,0,0,-0,119.718749643934,414.431048887858
0.2075,44.1558066171152,49.7292568223339,0,0,-0,114.222466174975,430.890525143246
0.208,44.772068829581,58.685500992703,0,0,-0,105.50305740297,436.887890899676
0.2085,44.7305155671892,67.3238159354347,0,0,-0,92.3778179939224,430.31984153803
0.209,43.8831554237352,75.3623028268243,0,0,-0,73.3246391729062,409.947521714097
0.2095,42.1262875711407,82.4410640006913,0,0,-0,46.5278767637883,375.850722449786
0.21,39.4692988331677,88.0970661028024,0,0,-0,10.0716364901199,329.485476272779
0.2105,36.0854956029831,91.8393905372951,0,0,-0,-37.6793799176251,273.282608176971
0.211,32.2795652679478,93.3861449850951,0,0,-0,-97.5798256180051,210.024394538866
0.2115,28.3691539649843,92.9015747377349,0,0,-0,-169.299879589469,142.32659580082
0.212,24.5777347095633,90.927806943958,0,0,-0,-251.262623662087,72.4118862519295
0.2125,21.0138977761929,88.072066630639,0,0,-0,-340.975435211884,2.19235229103644
0.213,17.7097424191921,84.7876876884897,0,0,-0,-435.547056546517,-66.3946881270319
0.2135,14.6621969781236,81.345595329552,0,0,-0,-532.103047967761,-130.908954917947
0.214,11.8561916235457,77.8886876395396,0,0,-0,-627.934860603772,-188.152536446623
0.2145,9.27395950171211,74.4867416063173,0,0,-0,-720.36483051045,-235.014192116364
0.215,6.89803052606256,71.1713413996561,0,0,-0,-806.376640283524,-270.986474762732
0.2155,4.71202431924702,67.9546818676183,0,0,-0,-882.11938490219,-300.163617971064
0.216,2.70078751331438,64.8393814179223,0,0,-0,-942.638607342649,-329.026048873409
0.2165,0.850355765593123,61.8242141054703,0,0,-0,-982.681478632135,-361.57650750569
0.217,-0.852125100260871,58.9073649051842,0,0,-0,-999.231751229392,-397.297253140776
0.2175,-2.41848332547075,56.0873114833864,0,0,-0,-994.046849753198,-433.167743206667
0.218,-3.85960186172875,53.3624431400236,0,0,-0,-972.927534399771,-466.476163775403
0.2185,-5.1854934232968,50.7307372652991,0,0,-0,-942.371112990068,-495.908966255097
0.219,-6.40536974285148,48.1897831104912,0,0,-0,-907.228258251807,-521.212650858791
0.2195,-7.52770528255512,45.7369330608794,0,0,-0,-870.39786997925,-542.598647425484
0.22,-8.5602957459992,43.3694338246603,0,0,-0,-833.408957699428,-560.400558969807
0.2205,-9.51031173266061,41.0845097262746,0,0,-0,-797.008135155855,-574.958643460502
0.221,-10.3843478436366,38.8794102387292,0,0,-0,-761.53335296328,-586.599977814984
0.2215,-11.1884675024796,36.751436301538,0,0,-0,-727.115095975886,-595.633444863277
0.222,-11.9282437034073,34.6979548156997,0,0,-0,-693.781381158948,-602.342300356473
0.2225,-12.608795856802,32.716406417961,0,0,-0,-661.519090921565,-606.980953051026
0.223,-13.2348228857698,30.804309278051,0,0,-0,-630.308804487003,-609.776834263938
0.2235,-13.8106327094863,28.9592605029667,0,0,-0,-600.134232873827,-610.933943159353
0.224,-14.3401681955106,27.1789361004326,0,0,-0,-570.97814160009,-610.636073279103
0.2245,-14.8270296125101,25.461090074927,0,0,-0,-542.818888740885,-609.049338101174
0.225,-15.2744936001171,23.803553002261,0,0,-0,-515.630679285512,-606.324140797326
0.2255,-15.6855286766916,22.2042302941519,0,0,-0,-489.38518375533,-602.59677216693
0.226,-16.0628073126413,20.6611002842979,0,0,-0,-464.052941927505,-597.990759163056
0.2265,-16.4087146116739,19.1722122191842,0,0,-0,-439.604254074222,-592.618033607166
0.227,-16.7253536696277,17.7356842070194,0,0,-0,-416.009689556754,-586.579961009252
0.2275,-17.0145477220057,16.3497011593592,0,0,-0,-393.240368428346,-579.968254258278
0.228,-17.2778392442895,15.0125127483583,0,0,-0,-371.26811653543,-572.865788074755
0.2285,-17.5164862293785,13.7224313960753,0,0,-0,-350.065548745881,-565.347324483959
0.229,-17.731456016199,12.4778302920276,0,0,-0,-329.606109465373,-557.480158223123
0.2295,-17.9234169675187,11.2771414672205,0,0,-0,-309.864087690407,-549.324684616749
0.23,-18.0927285136661,10.1188539207512,0,0,-0,-290.814616701356,-540.934894494821
0.2305,-18.2394302056623,9.00151179113625,0,0,-0,-272.433664339074,-532.358798977755
0.231,-18.3632303657802,7.92371259064603,0,0,-0,-254.698017783157,-523.638783434248
0.2315,-18.4634951721707,6.88410549324899,0,0,-0,-237.585264882518,-514.811892985618
0.232,-18.539238829355,5.88138970646001,0,0,-0,-221.073773820124,-505.910047895372
0.2325,-18.5891159008319,4.91431290539975,0,0,-0,-205.142671532053,-496.960192985951
0.233,-18.6114165530072,3.98166976191436,0,0,-0,-189.771821780979,-487.984380400234
0.2335,-18.6040656610166,3.08230057753005,0,0,-0,-174.941803147283,-478.999788700023
0.234,-18.5646266802095,2.21509003714132,0,0,-0,-160.633887121385,-470.01868211276
0.2345,-18.490311031052,1.37896611783953,0,0,-0,-146.830016578961,-461.048313794829
0.235,-18.3779937571883,0.572899181137786,0,0,-0,-133.512784660038,-452.090779891418
0.2355,-18.2242360276397,-0.204098707651451,0,0,-0,-120.66541414748,-443.142832116964
0.236,-18.0253149309543,-0.95297418484177,0,0,-0,-108.27173733071,-434.195659305056
0.2365,-17.7772607244994,-1.67463264840192,0,0,-0,-96.3161764814739,-425.2346489708
0.237,-17.4759015378672,-2.36993789232767,0,0,-0,-84.7837249705652,-416.239142166554
0.2375,-17.1169152895724,-3.03971121932712,0,0,-0,-73.6599289960043,-407.182197633777
0.238,-16.6958882477637,-3.68472989888346,0,0,-0,-62.9308700673484,-398.030381188036
0.2385,-16.2083794434132,-4.30572480575384,0,0,-0,-52.5831483075178,-388.74359817904
0.239,-15.6499898761288,-4.90337702367804,0,0,-0,-42.6038667041181,-379.27498740848
0.2395,-15.0164352081177,-5.47831312947705,0,0,-0,-32.9806164458158,-369.570895338724
0.24,-14.303620501622,-6.03109875892109,0,0,-0,-23.7014636723449,-359.570947315455
0.2405,-13.5077153122034,-6.56222994854472,0,0,-0,-14.7549377452001,-349.208235305129
0.241,-12.6252274750465,-7.07212151186201,0,0,-0,-6.13002153801343,-338.409635446889
0.2415,-11.6530738395113,-7.56109145426044,0,0,-0,2.18385586849146,-327.096269384726
0.242,-10.5886463588621,-8.02934000449046,0,0,-0,10.1968234928803,-315.184118479795
0.2425,-9.42987203692366,-8.47692126994394,0,0,-0,17.9185690742389,-302.584797814681
0.243,-8.17526539244071,-8.90370470632882,0,0,-0,25.3583352071942,-289.206492573856
0.2435,-6.82397257556953,-9.30932232476151,0,0,-0,32.5249098314964,-274.955054200071
0.244,-5.37580650575169,-9.6930958044741,0,0,-0,39.4266097292724,-259.735250654522
0.2445,-3.83127284901337,-10.0539350442869,0,0,-0,46.071255261855,-243.452161258607
0.245,-2.19158712128128,-10.3901958047607,0,0,-0,52.4661340288117,-226.012703744289
0.2455,-0.458683699362116,-10.699478358363,0,0,-0,58.617950375682,-207.32728009963
0.246,1.36478194453697,-10.9783405729982,0,0,-0,64.5327566192378,-187.311528793713
0.2465,3.27543589384995,-11.2218863689301,0,0,-0,70.215860358325,-165.888175364714
0.247,5.26919079659713,-11.423172318119,0,0,-0,75.6717001173129,-142.988982072239
0.2475,7.3412499713455,-11.5723493098412,0,0,-0,80.9036785397287,-118.556812331975
0.248,9.48610645984155,-11.6554209623485,0,0,-0,85.9139380348927,-92.5478488452394
0.2485,11.6975317395642,-11.652456201965,0,0,-0,90.7030575705225,-64.9340397662557
0.249,13.9685472912452,-11.5350473661295,0,0,-0,95.2696403323657,-35.7058995395151
0.2495,16.2913701150505,-11.2627820633337,0,0,-0,99.6097488408751,-4.87586781764518
0.25,18.6573203224237,-10.778560483256,0,0,-0,103.716125064645,27.5174587877045
0.2505,21.0566746871577,-10.0028768969491,0,0,-0,107.577104914987,61.4037451666941
0.251,23.4784439451495,-8.82793646951409,0,0,-0,111.175095032908,96.6732768474169
0.2515,25.9100428771077,-7.11398806213785,0,0,-0,114.484418331735,133.166222228932
0.252,28.3368097532563,-4.69251089265967,0,0,-0,117.468243998507,170.657316387098
0.2525,30.7413142588946,-1.38268918628864,0,0,-0,120.074183977735,208.83392879884
0.253,33.1023693511452,2.97438186523643,0,0,-0,122.227943590635,247.264898200355
0.2535,35.3936323274814,8.46882516732632,0,0,-0,123.824137356287,285.357218569218
0.254,37.581646925922,15.0817014748363,0,0,-0,124.713003998261,322.298423001607
0.2545,39.6231544885522,22.6752841261689,0,0,-0,124.681281043865,356.986020610198
0.255,41.4615257513417,31.0214267422202,0,0,-0,123.425006526997,387.954564449058
0.2555,43.0223306849952,39.8501421954595,0,0,-0,120.511767875701,413.32945552061
0.256,44.2085874744985,48.8908124982223,0,0,-0,115.330597058232,430.864290476334
0.2565,44.8975364883996,57.8889821376478,0,0,-0,107.030782800996,438.14057072403
0.257,44.943477877192,66.5961440950999,0,0,-0,94.4589202917389,432.983981869253
0.2575,44.195340437129,74.7368745929915,0,0,-0,76.119672347667,414.03430786629
0.258,42.5398236674225,81.9622866106351,0,0,-0,50.2098666222825,381.231266861267
0.2585,39.9697643919749,87.8188174047228,0,0,-0,14.7947742879337,335.920290442383
0.259,36.6411903648836,91.8072240360487,0,0,-0,-31.825886055169,280.483838148386
0.2595,32.8518130891072,93.6051731439601,0,0,-0,-90.6164294086861,217.715897595765
0.26,28.9267804461908,93.3233336909949,0,0,-0,-161.374205841002,150.275944823331
0.2605,25.1036447796767,91.4780569539967,0,0,-0,-242.625540131708,80.4286094978859
0.261,21.502221055014,88.6864703430488,0,0,-0,-331.929266088173,10.0979426606284
0.2615,18.1603793771125,85.4246769696445,0,0,-0,-426.396521441867,-58.8169438148372
0.262,15.0771823179483,81.9823911196737,0,0,-0,-523.131693697164,-123.964375873623
0.2625,12.2380978691962,78.5139831434029,0,0,-0,-619.412108851961,-182.220724295197
0.263,9.62535694125063,75.0953787808085,0,0,-0,-712.578741814517,-230.359297951417
0.2635,7.22133891960782,71.7612879452325,0,0,-0,-799.684558178354,-267.436820830442
0.264,5.00948435420798,68.5254661552413,0,0,-0,-876.996466830078,-297.080531153834
0.2645,2.97446448820186,65.391245772903,0,0,-0,-939.66134628879,-325.784812827727
0.265,1.10215084888321,62.3576066705192,0,0,-0,-982.337297080159,-358.019777944697
0.2655,-0.620462481014564,59.4227165584722,0,0,-0,-1001.57535251291,-393.687264879566
0.266,-2.20534355979868,56.5850366564966,0,0,-0,-998.559670537735,-429.847801796038
0.2665,-3.66350405058903,53.8429894671939,0,0,-0,-978.815209511843,-463.649097067204
0.267,-5.00507513134176,51.1945950642003,0,0,-0,-948.945232718473,-493.62873792395
0.2675,-6.23937757205566,48.637469176337,0,0,-0,-914.044043565123,-519.456254210975
0.268,-7.37498621551769,46.1689731524965,0,0,-0,-877.211584934618,-541.319587368018
0.2685,-8.41978920808781,43.7863510684813,0,0,-0,-840.099619590099,-559.550365623883
0.269,-9.38104232726785,41.4868181123047,0,0,-0,-803.52055292325,-574.491423219312
0.2695,-10.265418721495,39.2676112175544,0,0,-0,-767.845780998004,-586.472635279313
0.27,-11.0790543335128,37.1260170794419,0,0,-0,-733.22248785227,-595.806263793958
0.2705,-11.8275892275671,35.0593875721891,0,0,-0,-699.686329753258,-602.779480683325
0.271,-12.5162049960346,33.0651480448087,0,0,-0,-667.226391362587,-607.650502311691
0.2715,-13.1496584019351,31.1408014207986,0,0,-0,-635.823067178054,-610.650120488728
0.272,-13.7323113978012,29.28392977708,0,0,-0,-605.45989222911,-611.985240971355
0.2725,-14.2681576109674,27.4921944066267,0,0,-0,-576.119987300965,-611.84219915489
0.273,-14.7608453315131,25.7633349692033,0,0,-0,-547.782167192433,-610.389365412988
0.2735,-15.2136970207459,24.0951680943453,0,0,-0,-520.420920198212,-607.779169429112
0.274,-15.6297253601366,22.4855856585201,0,0,-0,-494.008012743428,-604.149734406205
0.2745,-16.0116458664402,20.9325528741914,0,0,-0,-468.513956439964,-599.626251318134
0.275,-16.3618861111603,19.4341062777123,0,0,-0,-443.908953805922,-594.32216751389
0.2755,-16.6825916073543,17.9883516718262,0,0,-0,-420.163440030443,-588.340231922821
0.276,-16.9756284639162,16.5934620592348,0,0,-0,-397.24838275849,-581.773422873528
0.2765,-17.2425829587104,15.2476755913601,0,0,-0,-375.135447086107,-574.705775197895
0.277,-17.484758296953,13.949293537077,0,0,-0,-353.797084228288,-567.213118836425
0.2775,-17.7031687480364,12.6966783046504,0,0,-0,-333.206575472705,-559.363733555748
0.278,-17.8985316525036,11.4882514986232,0,0,-0,-313.338049034409,-551.21892855424
0.2785,-18.0712577126248,10.3224920289472,0,0,-0,-294.166480710719,-542.833548736965
0.279,-18.2214401068287,9.19793427897061,0,0,-0,-275.667684863517,-534.256409239671
0.2795,-18.3488431502878,8.11316632321226,0,0,-0,-257.818299431327,-525.530660607686
0.28,-18.4528912033639,7.06682820614945,0,0,-0,-240.595767447325,-516.694084655824
0.2805,-18.5326585548295,6.05761029811363,0,0,-0,-223.978316701047,-507.77932081268
0.281,-18.586861297183,5.08425171404293,0,0,-0,-207.944938126609,-498.814026160213
0.2815,-18.6138519457984,4.14553882600525,0,0,-0,-192.475363822644,-489.820968528079
0.282,-18.6116177782833,3.24030387428702,0,0,-0,-177.550044932953,-480.818055757015
0.2825,-18.5777837632322,2.36742369842713,0,0,-0,-163.150129665546,-471.818304181802
0.283,-18.5096208990682,1.5258186139944,0,0,-0,-149.25744162179,-462.829750651456
0.2835,-18.4040606864019,0.714451468847811,0,0,-0,-135.854458566372,-453.855313931398
0.284,-18.2577163673153,-0.0676730836135572,0,0,-0,-122.924291665225,-444.892613471876
0.2845,-18.0669113705394,-0.821509043372864,0,0,-0,-110.450665252588,-435.933754900241
0.285,-17.8277151845387,-1.54796918621247,0,0,-0,-98.4178972529418,-426.965092701482
0.2855,-17.5359867814417,-2.24792479028741,0,0,-0,-86.8108800430489,-417.966985786916
0.286,-17.1874252414403,-2.92220484525038,0,0,-0,-75.6150621380801,-408.913557404225
0.2865,-16.7776271788696,-3.5715946400996,0,0,-0,-64.8164305044573,-399.772478336783
0.287,-16.3021501795938,-4.19683356607887,0,0,-0,-54.4014936647858,-390.504790354778
0.2875,-15.7565812238265,-4.79861192367248,0,0,-0,-44.3572657769611,-381.064787117288
0.288,-15.1366088769776,-5.37756646138043,0,0,-0,-34.6712518124312,-371.399971452488
0.2885,-14.4380977527703,-5.934274293335,0,0,-0,-25.3314339366418,-361.451108853445
0.289,-13.6571636733745,-6.46924468085113,0,0,-0,-16.3262595218073,-351.152392204933
0.2895,-12.7902478271156,-6.98290800108178,0,0,-0,-7.64463105125353,-340.431734644946
0.29,-11.8341881619184,-7.47560096215702,0,0,-0,0.724101680463976,-329.211204361159
0.2905,-10.7862864092943,-7.94754672577336,0,0,-0,8.79014646637126,-317.407610727516
0.291,-9.64436923684288,-8.39882805819759,0,0,-0,16.5632700239889,-304.933249120841
0.2915,-8.40684214000591,-8.82935087144801,0,0,-0,24.0527950066952,-291.696808046908
0.292,-7.07273508358053,-9.23879435109934,0,0,-0,31.2675916096971,-277.604437138441
0.2925,-5.64173927447642,-9.62654218664056,0,0,-0,38.2160624413686,-262.560970147039
0.293,-4.11423476382142,-9.99158699566914,0,0,-0,44.9061189815066,-246.471294780717
0.2935,-2.49130908793883,-10.3323963996218,0,0,-0,51.3451474261014,-229.241857045096
0.294,-0.774767638225196,-10.6467238614529,0,0,-0,57.5399610003704,-210.782286706055
0.2945,1.03286302264514,-10.9313394760599,0,0,-0,63.4967348192266,-191.007131267173
0.295,2.92833711339395,-11.1816442419525,0,0,-0,69.220917973738,-169.837689247415
0.2955,4.90769444744857,-11.3911143226527,0,0,-0,74.7171155261144,-147.203941482916
0.296,6.96626498631705,-11.5504974749281,0,0,-0,79.9889302593054,-123.046592965911
0.2965,9.0986691563158,-11.6466503190117,0,0,-0,85.0387499614629,-97.3192593086204
0.297,11.2988088676897,-11.6608622281759,0,0,-0,89.8674602182917,-69.9908647086804
0.2975,13.5598427379783,-11.5664647488569,0,0,-0,94.4740543187415,-41.0483671061025
0.298,15.8741370425386,-11.3254950718674,0,0,-0,98.855099548325,-10.4999982045057
0.2985,18.2331811276188,-10.8842226575322,0,0,-0,103.004001385673,21.6206900285174
0.299,20.6274520428715,-10.167580740349,0,0,-0,106.909980836722,55.2495288447162
0.2995,23.0462074376716,-9.0731918620902,0,0,-0,110.556641451231,90.284524324938
0.3,25.4771775553876,-7.46703505676082,0,0,-0,113.919945284099,126.575766062609
0.3005,27.9061154470067,-5.18496504188248,0,0,-0,116.965332348156,163.911059229315
0.301,30.3161480635138,-2.0463522580373,0,0,-0,119.643593327375,201.995347487042
0.3015,32.6868483787508,2.11487947174085,0,0,-0,121.884923171126,240.421405146878
0.302,34.992919600626,7.40461047175269,0,0,-0,123.590322877101,278.628888920542
0.3025,37.2023490986244,13.8251845923066,0,0,-0,124.619158282281,315.849321647049
0.303,39.2738623855431,21.258947951997,0,0,-0,124.771225676508,351.037420397373
0.3035,41.1535178568442,29.4904978664653,0,0,-0,123.761172626281,382.797114695277
0.304,42.7704121938167,38.2537341343586,0,0,-0,121.182797104251,409.327272107056
0.3045,44.031902171411,47.276104531677,0,0,-0,116.461182292931,428.438692600392
0.305,44.8198720751295,56.300281635943,0,0,-0,108.793113873227,437.719173624537
0.3055,44.9919811237769,65.0785408048088,0,0,-0,97.0831529637028,434.911131214226
0.306,44.3957875612153,73.34348318973,0,0,-0,79.8972751738783,418.466842248985
0.3065,42.906734898142,80.7627372018513,0,0,-0,55.4791259949165,388.072538418849
0.307,40.4933644980827,86.9010266105865,0,0,-0,21.8959691656775,344.83790146295
0.3075,37.2811102338741,91.25573590827,0,0,-0,-22.6292103865348,291.003843842806
0.308,33.548854706158,93.4509912745895,0,0,-0,-79.2293321108306,229.337462185991
0.3085,29.6269328857854,93.510843114544,0,0,-0,-147.929475176617,162.550896250933
0.309,25.7735288092918,91.8977853948678,0,0,-0,-227.470743082713,92.9837836014831
0.3095,22.1278947538108,89.2344300553189,0,0,-0,-315.54832714446,22.6043052420698
0.31,18.7389878090906,86.0302620967943,0,0,-0,-409.314955211258,-46.7165993771046
0.3105,15.6103833684825,82.6056731520803,0,0,-0,-505.854318470173,-112.743624213056
0.311,12.7289020968709,79.1345718761851,0,0,-0,-602.413013490476,-172.485185836277
0.3115,10.0769827758504,75.7035577895875,0,0,-0,-696.340386605201,-222.605929088271
0.312,7.63687257430576,72.3528205060358,0,0,-0,-784.775270157927,-261.531441326964
0.3125,5.39179896885432,69.0988892065161,0,0,-0,-864.161288147939,-292.048672414725
0.313,3.32621253450987,65.9464273543199,0,0,-0,-929.840984810013,-320.475470543168
0.3135,1.4257752102996,62.8948613734138,0,0,-0,-976.436374132677,-351.961285049833
0.314,-0.32271353301949,59.942357063023,0,0,-0,-999.925606487496,-387.195129607999
0.3145,-1.93140131405061,57.0873284771282,0,0,-0,-1000.56602134565,-423.511121996326
0.315,-3.41146516325902,54.3282423886231,0,0,-0,-983.306303831815,-457.88465788126
0.3155,-4.77318847552079,51.6631992729973,0,0,-0,-954.808401646517,-488.595865753285
0.316,-6.02603212042075,49.0898771201488,0,0,-0,-920.523804434419,-515.159936069172
0.3165,-7.17869989991589,46.6056711267574,0,0,-0,-883.88070268482,-537.708669891458
0.317,-8.23919869241702,44.2078383171973,0,0,-0,-846.739919031344,-556.563014524458
0.3175,-9.21489363345453,41.8935943179263,0,0,-0,-810.028068323097,-572.067139373619
0.318,-10.1125586550926,39.6601695112194,0,0,-0,-774.175179403478,-584.553540390196
0.3185,-10.9384226640497,37.5048401905983,0,0,-0,-739.358114509711,-594.338160893235
0.319,-11.6982115880607,35.4249457202951,0,0,-0,-705.626772686589,-601.713130690673
0.3195,-12.3971864725612,33.4178978354221,0,0,-0,-672.975016689862,-606.941846852753
0.32,-13.0401777858553,31.4811853413369,0,0,-0,-641.383220572666,-610.259759238944
0.3205,-13.631616078347,29.6123760533363,0,0,-0,-610.834414705428,-611.877781141457
0.321,-14.1755590967547,27.8091170761217,0,0,-0,-581.31219356062,-611.985714569055
0.3215,-14.6757153970312,26.0691340848781,0,0,-0,-552.79623222567,-610.754979624431
0.322,-15.135464474789,24.3902300062869,0,0,-0,-525.261685189232,-608.340727400001
0.3225,-15.5578734324345,22.7702833416172,0,0,-0,-498.680681058903,-604.883532346763
0.323,-15.9457102060498,21.2072462819173,0,0,-0,-473.023869996577,-600.510806169506
0.3235,-16.3014533887365,19.6991427092457,0,0,-0,-448.261459215032,-595.338015813022
0.324,-16.627298718103,18.2440661416336,0,0,-0,-424.363813801185,-589.469752403771
0.3245,-16.9251622955337,16.8401776672997,0,0,-0,-401.301790074671,-583.000678375133
0.325,-17.1966806914787,15.4857038908519,0,0,-0,-379.046919247644,-576.016371435564
0.3255,-17.4432081728695,14.1789349007806,0,0,-0,-357.571506919491,-568.59407803269
0.326,-17.6658113142158,12.9182222746703,0,0,-0,-336.848683324644,-560.803383473354
0.3265,-17.8652613631293,11.7019771278971,0,0,-0,-316.852424037332,-552.706804742753
0.327,-18.0420247464495,10.5286682232667,0,0,-0,-297.557553093441,-544.360308585595
0.3275,-18.1962523994273,9.39682011883271,0,0,-0,-278.939735215066,-535.813759858573
0.328,-18.3277684552174,8.30501137703676,0,0,-0,-260.975461685155,-527.111298955448
0.3285,-18.4360590218503,7.25187283685928,0,0,-0,-243.642032428841,-518.29164953426
0.329,-18.5202618340119,6.23608595384207,0,0,-0,-226.917535905207,-509.38835742741
0.3295,-18.5791576978923,5.25638120824029,0,0,-0,-210.780827686235,-500.429962324013
0.33,-18.6111646080809,4.31153659180675,0,0,-0,-195.211508389514,-491.44010354347
0.3305,-18.6143352877637,3.40037620860294,0,0,-0,-180.189901693091,-482.437559635096
0.331,-18.5863592575783,2.5217689792957,0,0,-0,-165.697032261836,-473.436227834832
0.3315,-18.5245701407672,1.67462749011846,0,0,-0,-151.714604018328,-464.445045780244
0.332,-18.425958982124,0.857907014565358,0,0,-0,-138.224978833623,-455.467861459454
0.3325,-18.2871942244023,0.0706047458301208,0,0,-0,-125.211155698414,-446.503258690941
0.333,-18.1046488522852,-0.688240716121098,0,0,-0,-112.656750364351,-437.544348000477
0.3335,-17.8744349510765,-1.4195495582159,0,0,-0,-100.545975567138,-428.578533350237
0.334,-17.5924457213192,-2.12420054722618,0,0,-0,-88.863621964577,-419.587266312004
0.3345,-17.2544048778121,-2.80303034699017,0,0,-0,-77.5950395723693,-410.545804971401
0.335,-16.8559229019823,-3.45683223003448,0,0,-0,-66.7261199388882,-401.422991983604
0.3355,-16.3925594495429,-4.08635403208424,0,0,-0,-56.2432791443461,-392.181069086598
0.336,-15.8598909776195,-4.69229515081715,0,0,-0,-46.1334417373889,-382.775545541449
0.3365,-15.2535823675881,-5.27530234026494,0,0,-0,-36.3840256506556,-373.15514100972
0.337,-14.5694610769465,-5.83596395638756,0,0,-0,-26.9829283123919,-363.261821036415
0.3375,-13.8035923096541,-6.37480216033533,0,0,-0,-17.9185143937091,-353.030939866879
0.338,-12.9523534650203,-6.8922624574217,0,0,-0,-9.17960531847783,-342.3915096078
0.3385,-12.0125061774383,-7.38869966527241,0,0,-0,-0.755471044282096,-331.266608278688
0.339,-10.9812642367175,-7.86435907056855,0,0,-0,7.36417541428746,-319.573938322628
0.3395,-9.85635586830311,-8.31935100876893,0,0,-0,15.1891800397595,-307.226542823285
0.34,-8.63607904690448,-8.75361636212953,0,0,-0,22.7289456396687,-294.13368319505
0.3405,-7.31934866662136,-9.16687944420523,0,0,-0,29.9924245279816,-280.201878562347
0.341,-5.90573493537269,-9.55858312248227,0,0,-0,36.988104712356,-265.336101645644
0.3415,-4.3954926237572,-9.92779877993244,0,0,-0,43.7239880034576,-249.441123004935
0.342,-2.78958127849049,-10.2731003347498,0,0,-0,50.207557962924,-232.42299223666
0.3425,-1.08967700288939,-10.5923865494862,0,0,-0,56.4457348980758,-214.190642517183
0.343,0.701823075367775,-10.8826284774259,0,0,-0,62.4448142032849,-194.657605997552
0.3435,2.58180196965315,-11.1395080114094,0,0,-0,68.2103830036534,-173.743829693686
0.344,4.54642734204319,-11.3568975759821,0,0,-0,73.7472082015484,-151.377588777252
0.3445,6.59115636900876,-11.526108137954,0,0,-0,79.0590863572662,-127.497506822765
0.345,8.71073715615264,-11.6348009504613,0,0,-0,84.1486420364855,-102.054712432042
0.3455,10.8992018578555,-11.6654170804438,0,0,-0,89.0170557839684,-75.0151924053845
0.346,13.1498452941287,-11.5929317298741,0,0,-0,93.6636950628369,-46.3624468541097
0.3465,15.4551809939077,-11.3817043253312,0,0,-0,98.0856100385393,-16.1006188136886
0.347,17.8068639752799,-10.981216731032,0,0,-0,102.276839393861,15.7416315160925
0.3475,20.1955658433779,-10.3206769569316,0,0,-0,106.227446924158,49.1060960011538
0.348,22.6107824338158,-9.30301749906575,0,0,-0,109.922173554018,83.8982145271508
0.3485,25.0405465347698,-7.8000286754995,0,0,-0,113.338536041467,119.977589924094
0.349,27.471007223864,-5.65240855189619,0,0,-0,116.444124657763,157.144513053449
0.3495,29.8858218431666,-2.68073730736996,0,0,-0,119.192735656085,195.12066931437
0.35,32.2652852932664,1.28674892150251,0,0,-0,121.518803978502,233.521606941466
0.3505,34.58509337539,6.37031849379605,0,0,-0,123.329356969062,271.818090419594
0.351,36.8146038352295,12.5931811661579,0,0,-0,124.492370040113,309.283708774019
0.3515,38.9144289126065,19.8586673117847,0,0,-0,124.819962611746,344.928363658206
0.352,40.8331928213416,27.9658226340294,0,0,-0,124.044369351305,377.424021141351
0.3525,42.5033857294633,36.6539571026262,0,0,-0,121.784236138929,405.043972657677
0.353,43.8366053516233,45.6492875759581,0,0,-0,117.499018899771,425.661904749998
0.3535,44.7194382139643,54.6914018092097,0,0,-0,110.431243381962,436.884385789705
0.354,45.0133623392661,63.5323945887577,0,0,-0,99.5422872640763,436.38863696509
0.3545,44.5657828160275,71.9114241237409,0,0,-0,83.4603068979109,422.456013197977
0.355,43.2430060466138,79.5113411486333,0,0,-0,60.4807715644186,394.524016103368
0.3555,40.9913906328025,85.9161282897405,0,0,-0,28.6838892335148,353.454828906629
0.356,37.9055883725572,90.6261746324322,0,0,-0,-13.7682134382764,301.326087473725
0.3565,34.2419832666691,93.2216091626143,0,0,-0,-68.1624079076036,240.858195155326
0.357,30.33180385034,93.6409234532024,0,0,-0,-134.747038507476,174.80583952738
0.3575,26.4525018491249,92.2823218070522,0,0,-0,-212.487740252818,105.584336002959
0.358,22.7639938836985,89.7645967441355,0,0,-0,-299.234302172038,35.2154029888096
0.3585,19.3279198329773,86.6286767688016,0,0,-0,-392.197340984302,-34.4428021401575
0.359,16.1533082429078,83.2274526978971,0,0,-0,-488.447377051545,-101.257389131726
0.3595,13.2287165801744,79.7564560010779,0,0,-0,-585.197999349215,-162.379613726834
0.36,10.536915826674,76.3143260047432,0,0,-0,-679.796622094791,-214.434701132891
0.3605,8.06005394340218,72.9474741830006,0,0,-0,-769.4522381385,-255.310136247684
0.361,5.78115112780184,69.675583206757,0,0,-0,-850.771350347776,-286.923237563427
0.3615,3.684435817446,66.5048624655669,0,0,-0,-919.302572771974,-315.244745709728
0.362,1.75535720037274,63.4353166032141,0,0,-0,-969.700068513328,-345.992772569809
0.3625,-0.019483254343486,60.4651559084558,0,0,-0,-997.471217884041,-380.693058875198
0.363,-1.65241597349233,57.5927359223462,0,0,-0,-1001.95788094171,-417.061591109829
0.3635,-3.1547863784346,54.8165531879445,0,0,-0,-987.420843443231,-451.954371811493
0.364,-4.53703287187125,52.1347880887603,0,0,-0,-960.481185219913,-483.386332197279
0.3645,-5.80875899159494,49.5451863913904,0,0,-0,-926.926841473047,-510.69553578631
0.365,-6.97879985936966,47.0451822400831,0,0,-0,-890.533743891288,-533.943508587771
0.3655,-8.05528325261356,44.6320489056996,0,0,-0,-853.394079255771,-553.435476724461
0.366,-9.04568565122161,42.3030043526262,0,0,-0,-816.563288271658,-569.516077684895
0.3665,-9.95688358817631,40.0552734726293,0,0,-0,-780.537973777249,-582.520338803734
0.367,-10.7952005920856,37.886122751025,0,0,-0,-745.528740325638,-592.767629288551
0.3675,-11.566449960677,35.7928793710727,0,0,-0,-711.602028392816,-600.554887864162
0.368,-12.2759735544869,33.7729416263075,0,0,-0,-678.757887654689,-606.150749486067
0.3685,-12.9286767713586,31.8237842814105,0,0,-0,-646.977168216181,-609.795457702573
0.369,-13.5290598508684,29.942960909976,0,0,-0,-616.2422743666,-611.704061025048
0.3695,-14.0812456203353,28.1281044133266,0,0,-0,-586.537119112233,-612.069929111172
0.37,-14.5890037346559,26.3769264455636,0,0,-0,-557.84223255297,-611.067610977543
0.3705,-15.0557714305862,24.6872161809686,0,0,-0,-530.133494390796,-608.855043548269
0.371,-15.4846708139295,23.0568386882445,0,0,-0,-503.383449971162,-605.575307028348
0.3715,-15.8785227026656,21.4837330746148,0,0,-0,-477.562923292335,-601.35808131573
0.372,-16.2398570542617,19.9659105031867,0,0,-0,-452.642146582731,-596.320894844497
0.3725,-16.5709200519577,18.5014521432227,0,0,-0,-428.591426184628,-590.570218051357
0.373,-16.8736778917447,17.0885071065789,0,0,-0,-405.381513490604,-584.202430438659
0.3735,-17.1498174516622,15.7252903858836,0,0,-0,-382.983809358574,-577.304682668812
0.374,-17.4007439989121,14.4100808216331,0,0,-0,-361.370475564164,-569.955664994437
0.3745,-17.6275762586635,13.1412190972947,0,0,-0,-340.514492098874,-562.226292211636
0.375,-17.8311391323276,11.9171057836517,0,0,-0,-320.389682191517,-554.180309558572
0.3755,-18.0119545450344,10.7361994287728,0,0,-0,-300.970717834418,-545.874824965982
0.376,-18.1702309434592,9.59701469966182,0,0,-0,-282.2331135956,-537.360769650551
0.3765,-18.3058518818613,8.49812060684009,0,0,-0,-264.153213818549,-528.683285461992
0.377,-18.4183649417445,7.43813872953172,0,0,-0,-246.708174705873,-519.882048808292
0.3775,-18.5069710958434,6.41574155519324,0,0,-0,-229.875944696292,-510.991520493883
0.378,-18.5705157818349,5.42965087234652,0,0,-0,-213.635243190464,-502.041129682989
0.3785,-18.6074824032267,4.47863625191838,0,0,-0,-197.965538708737,-493.055390369107
0.379,-18.6159892359698,3.56151361990312,0,0,-0,-182.84702677218,-484.053953365846
0.3795,-18.5937906274365,2.67714394067905,0,0,-0,-168.2606078135,-475.051596351721
0.38,-18.5382832927899,1.82443203923479,0,0,-0,-154.187865399334,-466.058155440758
0.3805,-18.4465185025764,1.00232558935442,0,0,-0,-140.611044838466,-457.078403933805
0.381,-18.3152208238294,0.209814304896365,0,0,-0,-127.513032263128,-448.111885171391
0.3815,-18.1408139523054,-0.554070622899478,0,0,-0,-114.877334180708,-439.152708831243
0.382,-17.9194539340286,-1.2902567827451,0,0,-0,-102.688057571888,-430.189321244654
0.3825,-17.6470698182198,-1.9996304085725,0,0,-0,-90.9298907781157,-421.204260012183
0.383,-17.3194118099953,-2.68303580188095,0,0,-0,-79.5880846830098,-412.173912780094
0.3835,-16.9321062840481,-3.34127415017468,0,0,-0,-68.6484349106451,-403.068288771761
0.384,-16.4807171772171,-3.97510163359585,0,0,-0,-58.0972646175212,-393.850825808184
0.3845,-15.9608127532854,-4.58522661798334,0,0,-0,-47.9214081947245,-384.478248588618
0.385,-15.3680366070876,-5.17230568287183,0,0,-0,-38.1081960528541,-374.900496107572
0.3855,-14.6981814799618,-5.73693817553391,0,0,-0,-28.6454404972573,-365.06073918638
0.386,-13.9472643725521,-6.27965882211853,0,0,-0,-19.5214231616145,-354.895502766036
0.3865,-13.1116012338553,-6.80092780683573,0,0,-0,-10.7248841438966,-344.334911697225
0.387,-12.187879595487,-7.30111745216773,0,0,-0,-2.24501339217779,-333.303072325255
0.3875,-11.1732273154838,-7.78049435922224,0,0,-0,5.92855535042337,-321.718603961062
0.388,-10.0652759694311,-8.23919532957653,0,0,-0,13.8057472672011,-309.495326286422
0.3885,-8.86221752744235,-8.67719471411648,0,0,-0,21.396045102469,-296.543107658493
0.389,-7.56285305668053,-9.09425988201414,0,0,-0,28.7084828449607,-282.768875814922
0.3895,-6.16663269690835,-9.4898900119114,0,0,-0,35.7516332105913,-268.077786270979
0.39,-4.67368658694821,-9.86323123593109,0,0,-0,42.5335873247428,-252.374540556555
0.3905,-3.08484665670247,-10.2129581082189,0,0,-0,49.0619246803067,-235.564843804035
0.391,-1.4016598546411,-10.5371066486255,0,0,-0,55.3436706990443,-217.556988296319
0.3915,0.373606177227292,-10.8328373634198,0,0,-0,61.3852383873424,-198.263549730405
0.392,2.23796340763997,-11.096096480939,0,0,-0,67.1923493222645,-177.603185524258
0.3925,4.18770752205664,-11.3211287548596,0,0,-0,72.7699274453111,-155.502530418169
0.393,6.2184229783164,-11.4997737192627,0,0,-0,78.1219566511091,-131.898196007169
0.3935,8.32498536432195,-11.6204472275969,0,0,-0,83.251289595597,-106.738899468286
0.394,10.5015564192776,-11.6666703969791,0,0,-0,88.1593899981755,-79.9877753328574
0.3945,12.7415657861353,-11.6149613340315,0,0,-0,92.8459834051593,-51.6249659743893
0.395,15.0376718060384,-11.4318647830496,0,0,-0,97.3085807172258,-21.6506494245154
0.3955,17.3816912061902,-11.0699003238941,0,0,-0,101.541823110853,9.91124557913788
0.396,19.764484032039,-10.4623536269461,0,0,-0,105.536574203225,43.0082549039338
0.3965,22.175775162629,-9.51730131210081,0,0,-0,109.278651727702,77.5529504505504
0.397,24.6038865344455,-8.11233107226414,0,0,-0,112.747041097922,113.414019509221
0.3975,27.035343879992,-6.09332107509911,0,0,-0,115.911359731391,150.403624264834
0.398,29.4543071797293,-3.28295543234158,0,0,-0,118.728232270769,188.259313833259
0.3985,31.8417538211105,0.494767085597603,0,0,-0,121.13607757946,226.618174619994
0.399,34.1743166834705,5.37296465056147,0,0,-0,123.047578664564,264.98039617326
0.3995,36.4226468905194,11.3949316569617,0,0,-0,124.33878517721,302.659481072224
0.4,38.5491393524439,18.4855157812165,0,0,-0,124.833373070275,338.718077896901
0.4005,40.5048501840825,26.4597279241166,0,0,-0,124.280086073546,371.894121869112
0.401,42.2255071982281,35.0638537974228,0,0,-0,122.320952984083,400.535108355984
0.4015,43.6268086437665,44.0237478888335,0,0,-0,118.447933295853,422.581673367623
0.402,44.6000226082484,53.0758749628657,0,0,-0,111.947183726236,435.670032456958
0.4025,45.0107718622608,61.9713141644809,0,0,-0,101.835124054596,437.429868080031
0.403,44.7073464306314,70.454345501232,0,0,-0,86.8019425258563,425.990265450871
0.4035,43.5489308600315,78.2215316712952,0,0,-0,65.1985355366113,400.549218187151
0.404,41.4620786253215,84.8763192812406,0,0,-0,35.127623136153,361.714299478346
0.4045,38.5112542000694,89.9273492528476,0,0,-0,-5.29400783195399,311.380422969924
0.405,34.9273653083179,92.9206616231149,0,0,-0,-57.4907218016545,252.20093198066
0.4055,31.0380425376983,93.7130702694339,0,0,-0,-121.925768766803,186.960838793916
0.406,27.1379196495433,92.6297641118096,0,0,-0,-197.795018866696,118.149525015981
0.4065,23.4083900115446,90.27536319209,0,0,-0,-283.11908877212,47.8498394647435
0.407,19.9253546054524,87.2189480005693,0,0,-0,-375.183235611389,-22.0783057076145
0.4075,16.7043300469392,83.8472240792784,0,0,-0,-471.054102393039,-89.5886667208601
0.408,13.7360591286316,80.3793972204875,0,0,-0,-567.911862090538,-151.978275052369
0.4085,11.0037964675846,76.92758446472,0,0,-0,-663.093061554535,-205.8909585203
0.409,8.48963318943028,73.5452206751874,0,0,-0,-753.861496877114,-248.777209205512
0.4095,6.17639120922254,70.255552598367,0,0,-0,-836.970388938904,-281.692147105017
0.41,4.0480767091873,67.0665617333761,0,0,-0,-908.176616393199,-310.104526214649
0.4105,2.08992377443947,63.9789735655837,0,0,-0,-962.22263698439,-340.161883354347
0.411,0.288333115359899,60.9911043091324,0,0,-0,-994.251079215575,-374.245754207765
0.4115,-1.36921119834088,58.1012460080633,0,0,-0,-1002.72985184366,-410.560005352323
0.412,-2.89422550197396,55.307908264243,0,0,-0,-991.138476092892,-445.908192793415
0.4125,-4.29730553871864,52.6093481719531,0,0,-0,-965.946386228655,-478.041488696014
0.413,-5.5881996623596,50.0033838522225,0,0,-0,-933.242743621866,-506.099122216075
0.4135,-6.77587628836343,47.4874934104396,0,0,-0,-897.165297634313,-530.056696033153
0.414,-7.86858590463193,45.0589697447607,0,0,-0,-860.059550242105,-550.197526751415
0.4145,-8.8739179952026,42.7150351201161,0,0,-0,-823.125153766028,-566.865445504133
0.415,-9.7988532113403,40.4529100252087,0,0,-0,-786.933861220854,-580.39791921341
0.4155,-10.649811086308,38.2698517367114,0,0,-0,-751.734412805245,-591.11750171523
0.416,-11.4326935419945,36.1631755841846,0,0,-0,-717.612210549185,-599.32573746711
0.4165,-12.1529243848239,34.1302665877311,0,0,-0,-684.575017150233,-605.296507027014
0.417,-12.8154849544274,32.1685855439705,0,0,-0,-652.604816105319,-609.274959075858
0.4175,-13.4249460770465,30.2756717998959,0,0,-0,-621.683332284486,-611.480392916738
0.418,-13.9854964448912,28.449144033983,0,0,-0,-591.794618428499,-612.109837902487
0.4185,-14.5009674835132,26.6866998389711,0,0,-0,-562.920025444905,-611.341042756023
0.419,-14.9748547305351,24.9861145840215,0,0,-0,-535.036207226991,-609.334786564638
0.4195,-15.410335743655,23.345239845265,0,0,-0,-508.116179498532,-606.236702137536
0.42,-15.8102845601071,21.7620015823002,0,0,-0,-482.130976273181,-602.178777783139
0.4205,-16.1772827362614,20.2343981720909,0,0,-0,-457.05087579078,-597.28063886972
0.421,-16.5136270250507,18.7604983684834,0,0,-0,-432.846137276224,-591.650666362354
0.4215,-16.8213337450055,17.338439239292,0,0,-0,-409.487413589553,-585.386984817099
0.422,-17.1021399928873,15.9664241034002,0,0,-0,-386.945978782914,-578.578342165191
0.4225,-17.3575018936084,14.6427204853649,0,0,-0,-365.193852568111,-571.304895044551
0.423,-17.5885901088371,13.3656581073686,0,0,-0,-344.203865408327,-563.638907788504
0.4235,-17.7962828833697,12.133626937556,0,0,-0,-323.949688395031,-555.645370638509
0.424,-17.9811572616139,10.9450752568124,0,0,-0,-304.405841382225,-547.382546831937
0.4245,-18.1434787421729,9.79850779838013,0,0,-0,-285.547688593416,-538.902445046487
0.425,-18.2831900966914,8.69248393841564,0,0,-0,-267.351426467194,-530.251221784106
0.4255,-18.3999000312129,7.62561594394971,0,0,-0,-249.794066862205,-521.469514139005
0.426,-18.4928724653701,6.59656728283126,0,0,-0,-232.853417514891,-512.592703828945
0.4265,-18.5610172068371,5.60405100984393,0,0,-0,-216.508061056096,-503.651112546786
0.427,-18.6028829848658,4.64682822664072,0,0,-0,-200.73733316045,-494.670130919599
0.4275,-18.6166536751565,3.72370663742963,0,0,-0,-185.521300459025,-485.670281840514
0.428,-18.600148646352,2.83353921312046,0,0,-0,-170.840738465149,-476.667221139245
0.4285,-18.5508280970519,1.97522298473638,0,0,-0,-156.677109698722,-467.671679523335
0.429,-18.4658041271265,1.14769800010575,0,0,-0,-143.012542231918,-458.689350166987
0.4295,-18.3418582561847,0.349946476133071,0,0,-0,-129.829808688584,-449.720729205009
0.43,-18.1754659739049,-0.419007814991606,0,0,-0,-117.112305663439,-440.760918324596
0.4305,-17.9628285848425,-1.16009985768613,0,0,-0,-104.844033794876,-431.799398181383
0.431,-17.6999125642932,-1.87422334089047,0,0,-0,-93.0095784199858,-422.819785679894
0.4315,-17.3824963523549,-2.5622301595767,0,0,-0,-81.5940908055816,-413.799589604167
0.432,-17.006224201177,-3.22492935628615,0,0,-0,-70.5832700888712,-404.70997944391
0.4325,-16.566666482143,-3.86308536923595,0,0,-0,-59.9633459418728,-395.51558496517
0.433,-16.0593855635276,-4.47741540012329,0,0,-0,-49.7210621594868,-386.174343203731
0.4335,-15.4800061402932,-5.06858568045467,0,0,-0,-39.8436611620452,-376.637413122118
0.434,-14.8242886693257,-5.6372063112863,0,0,-0,-30.3188697303123,-366.849174642537
0.4345,-14.0882043574052,-6.18382426745085,0,0,-0,-21.1348860957102,-356.747331465943
0.435,-13.2680100675255,-6.70891398131638,0,0,-0,-12.280368770593,-346.26313322114
0.4355,-12.3603214151813,-7.21286471638391,0,0,-0,-3.74442745788803,-335.321732244768
0.436,-11.3621823618028,-7.69596362150688,0,0,-0,4.4833834683291,-323.842686899087
0.4365,-10.2711296884735,-8.1583729141736,0,0,-0,12.4130683286523,-311.740620532004
0.437,-9.0852509367798,-8.60009898894844,0,0,-0,20.0541895978759,-298.926041120466
0.4375,-7.80323461452053,-9.0209503237766,0,0,-0,27.4158625551399,-285.306322850478
0.438,-6.42441180611626,-9.42047969270615,0,0,-0,34.5067439655013,-270.786846504266
0.4385,-4.9487887124092,-9.79790419908791,0,0,-0,41.3350133082873,-255.2722916398
0.439,-3.3770700738699,-10.1519937051138,0,0,-0,47.9083446439107,-238.668070083732
0.4395,-1.71067386141331,-10.4809139342728,0,0,-0,54.2338666414933,-220.881887820538
0.44,0.048261781888539,-10.7820040454348,0,0,-0,60.318107388937,-201.825422027162
0.4405,1.89687791835561,-11.051459071076,0,0,-0,66.1669195147231,-181.416101592265
0.441,3.8315984353665,-11.2838736843069,0,0,-0,71.7853794548531,-159.578985035601
0.4415,5.84813515452722,-11.4715834994077,0,0,-0,77.1776523221131,-136.248740474127
0.442,7.94149100319256,-11.6037120587281,0,0,-0,82.3468106163581,-111.37174799311
0.4425,10.1059567358139,-11.6647931668033,0,0,-0,87.2945900548964,-84.9083729895915
0.443,12.3350955821248,-11.6327927472877,0,0,-0,92.0210590572515,-56.8354969733676
0.4435,14.6217084622056,-11.4763105485837,0,0,-0,96.5241683282836,-27.149451796397
0.444,16.9577701544325,-11.1507352700459,0,0,-0,100.799132552983,4.13041258825166
0.4445,19.3343234613599,-10.5932342766027,0,0,-0,104.837574718307,36.9571711731777
0.445,21.7413137640686,-9.71684957814971,0,0,-0,108.626332363468,71.2502433999108
0.4455,24.1673396044139,-8.40491173551293,0,0,-0,112.145778707655,106.886998121171
0.446,26.5992851957216,-6.5087351519201,0,0,-0,115.367442769906,143.690892015626
0.4465,29.0217870841574,-3.85389168106111,0,0,-0,118.250611455881,181.414512333839
0.447,31.4164680376852,-0.261512200296426,0,0,-0,120.73744756761,219.715317467781
0.4475,33.7608456757239,4.41279040528856,0,0,-0,122.745942366871,258.121321498851
0.448,36.0267916708095,10.2314152509674,0,0,-0,124.159717709185,295.983863412377
0.4485,38.1783845885892,17.1410184426948,0,0,-0,124.813285459586,332.415915926403
0.449,40.1689835429288,24.9739761946075,0,0,-0,124.470880925905,366.21916128015
0.4495,41.93740022188,33.4851750173544,0,0,-0,122.796521961795,395.814583587305
0.45,43.4032847197698,42.4011306552467,0,0,-0,119.312867200726,419.212845628344
0.4505,44.4625315596674,51.4553063646466,0,0,-0,113.347606595211,434.089337171562
0.451,44.9851476994995,60.3970612830907,0,0,-0,103.970290482054,438.042875617303
0.4515,44.8211887997961,68.9744486519269,0,0,-0,89.9325556597969,429.069470215786
0.452,43.824563349767,76.8961660752999,0,0,-0,69.6434663447672,406.1392961978
0.4525,41.9044506145975,83.7847977110001,0,0,-0,41.2366413278834,369.60121457649
0.453,39.0962404419342,89.1613671435055,0,0,-0,2.79818087808921,321.149453328388
0.4535,35.6030131301853,92.5474096809265,0,0,-0,-47.2168572048758,263.349260692719
0.454,31.7442638688236,93.7239989130903,0,0,-0,-109.47614330488,199.001926340177
0.4545,27.8291204092073,92.9364193598475,0,0,-0,-183.408897566325,130.66742352744
0.455,24.0608805268692,90.7640392675215,0,0,-0,-267.221545464812,60.4958171422557
0.4555,20.5312901897125,87.7995035770386,0,0,-0,-358.29137275677,-9.6377139377881
0.456,17.2635128487997,84.464169692535,0,0,-0,-453.692097998087,-77.7571483401223
0.4565,14.2510088737318,81.0029993343092,0,0,-0,-550.571778036513,-141.302380678128
0.457,11.4777031678641,77.5431545026348,0,0,-0,-646.248555643909,-196.981861758397
0.4575,8.92568403360536,74.1459915020874,0,0,-0,-738.026600518286,-241.909362908224
0.458,6.57758744868158,70.8387840635969,0,0,-0,-822.788977010685,-276.31391951781
0.4585,4.41719810126035,67.6315338922352,0,0,-0,-896.497335568395,-305.028945847492
0.459,2.4295328272017,64.5258429586349,0,0,-0,-954.026628438397,-334.472874173599
0.4595,0.600788850972147,61.5202101412522,0,0,-0,-990.257283567023,-367.873631391762
0.46,-1.08173797111054,58.612867084923,0,0,-0,-1002.84678835927,-404.024009829248
0.4605,-2.62973743609586,55.8023185947437,0,0,-0,-994.419687155851,-439.754483622425
0.461,-4.05396498630171,53.086892855911,0,0,-0,-971.175220177156,-472.563189843926
0.4615,-5.36431596427932,50.4644842240877,0,0,-0,-939.454688285287,-501.369891686004
0.462,-6.5698940765847,47.9326199665086,0,0,-0,-903.766615725048,-526.046787006782
0.4625,-7.67907435512554,45.4886162907433,0,0,-0,-866.732092880969,-546.847689401451
0.463,-8.69956096853945,43.1297019352003,0,0,-0,-829.711753188286,-564.113805034024
0.4635,-9.63844022336985,40.8530941942495,0,0,-0,-793.36210908294,-578.184904064217
0.464,-10.5022290590351,38.6560418020497,0,0,-0,-757.97498949274,-589.386516170268
0.4645,-11.2969192939587,36.5358485995477,0,0,-0,-723.657412657895,-598.024556691018
0.465,-12.0280178288312,34.4898865240149,0,0,-0,-690.426519659482,-604.378125584982
0.4655,-12.7005829744656,32.5156024900987,0,0,-0,-658.266248508413,-608.69737893812
0.466,-13.3192570581476,30.6105216413782,0,0,-0,-627.157677803879,-611.205985012689
0.4665,-13.8882954382887,28.7722484188443,0,0,-0,-597.084808963815,-612.104729101544
0.467,-14.4115919999687,26.9984663164901,0,0,-0,-568.02975356298,-611.574633533167
0.4675,-14.8927011587094,25.2869368473468,0,0,-0,-539.969981204233,-609.779377880291
0.468,-15.3348563900583,23.6354980359248,0,0,-0,-512.879033648566,-606.867195704875
0.4685,-15.7409853062187,22.042062630638,0,0,-0,-486.728194316895,-602.972424887657
0.469,-16.1137213079478,20.5046161568605,0,0,-0,-461.487810711319,-598.21682362969
0.4695,-16.455411855525,19.0212148871999,0,0,-0,-437.128107881833,-592.710715111294
0.47,-16.7681234264776,17.5899837793737,0,0,-0,-413.619647297672,-586.55399722056
0.4705,-17.0536432998752,16.2091144078757,0,0,-0,-390.933580053388,-579.837041077459
0.471,-17.3134783039378,14.8768629182762,0,0,-0,-369.04178584635,-572.64149194978
0.4715,-17.5488507622779,13.5915480190494,0,0,-0,-347.916946688829,-565.040982376573
0.472,-17.7606920091498,12.3515490069499,0,0,-0,-327.532581690587,-557.101766066958
0.4725,-17.949633903978,11.1553038298252,0,0,-0,-307.863058323664,-548.883277422877
0.473,-18.1159986844534,10.0013072210023,0,0,-0,-288.883589942904,-540.438616316291
0.4735,-18.2597878910242,8.8881088791408,0,0,-0,-270.570224738787,-531.814963171794
0.474,-18.380671040823,7.81431169953715,0,0,-0,-252.89982951559,-523.05392481131
0.4745,-18.4779746717733,6.7785700819424,0,0,-0,-235.850070684782,-514.191809802173
0.475,-18.5506727176844,5.77958830027427,0,0,-0,-219.399393442867,-505.259836279829
0.4755,-18.5973791295081,4.81611893760719,0,0,-0,-203.526999863192,-496.284273820596
0.476,-18.6163433895659,3.8869614334528,0,0,-0,-188.212826978717,-487.286517386208
0.4765,-18.6054500625557,2.99096072572599,0,0,-0,-173.437524668576,-478.283099154997
0.477,-18.5622231860381,2.12700601771322,0,0,-0,-159.182433713969,-469.285640740319
0.4775,-18.4838362523545,1.2940297038348,0,0,-0,-145.429564273017,-460.300750101637
0.478,-18.3671285267399,0.491006483663241,0,0,-0,-132.161574791443,-451.329869915944
0.4785,-18.2086283131693,-0.283047299083494,0,0,-0,-119.361751321141,-442.369086429633
0.479,-18.0045834529457,-1.02907402462081,0,0,-0,-107.013987512175,-433.408906912888
0.4795,-17.7509993337717,-1.747974816093,0,0,-0,-95.1027651601767,-424.434018826311
0.48,-17.4436843850187,-2.44060913170309,0,0,-0,-83.6131352842722,-415.423045114548
0.4805,-17.0783026844379,-3.10779381443456,0,0,-0,-72.5306999588183,-406.348309203769
0.481,-16.6504331632519,-3.75030147173498,0,0,-0,-61.8415948916408,-397.175627250067
0.4815,-16.1556345632187,-4.3688580261536,0,0,-0,-51.5324727329342,-387.86414651627
0.482,-15.5895150463652,-4.96413919663012,0,0,-0,-41.5904874479374,-378.366245950899
0.4825,-14.9478051979002,-5.53676561515071,0,0,-0,-32.0032798728088,-368.627517928431
0.483,-14.2264328540501,-6.08729620176972,0,0,-0,-22.7589644950916,-358.586851765909
0.4835,-13.4215981477373,-6.61621923399608,0,0,-0,-13.8461179444616,-348.176633366674
0.484,-12.529847029928,-7.12394037335928,0,0,-0,-5.25376947280175,-337.323077149687
0.4845,-11.5481416563405,-7.61076658459268,0,0,-0,3.02860601743403,-325.946701636204
0.485,-10.4739258706139,-8.07688451754879,0,0,-0,11.0110919794108,-313.962960378206
0.4855,-9.30518441191741,-8.5223312643356,0,0,-0,18.7033304461322,-301.283032505816
0.486,-8.04049458274909,-8.94695456144145,0,0,-0,26.1145176199556,-287.814775323948
0.4865,-6.67906945305757,-9.35035822810565,0,0,-0,33.2533937200931,-273.463836611539
0.487,-5.22079204605241,-9.73182677334079,0,0,-0,40.1282256762197,-258.134920188435
0.4875,-3.66624037292417,-10.0902203687032,0,0,-0,46.7467808486039,-241.733194871527
0.488,-2.01670364951274,-10.4238273458755,0,0,-0,53.1162893852857,-224.165834489496
0.4885,-0.274190530509675,-10.730155398521,0,0,-0,59.2433920601085,-205.3436751627
0.489,1.55856926637328,-11.0056338328572,0,0,-0,65.1340693323156,-185.182977752023
0.4895,3.47812799245075,-11.2451862179913,0,0,-0,70.793545792445,-163.607288508294
0.49,5.48032495799325,-11.4416139116763,0,0,-0,76.2261619839254,-140.549399576333
0.4905,7.56029033521744,-11.5847041919379,0,0,-0,81.435202441185,-115.953427005348
0.491,9.7124434202365,-11.6599404173014,0,0,-0,86.4226643192689,-89.7770481908327
0.4915,11.9304799304645,-11.6466467288835,0,0,-0,91.1889445031225,-61.9939778109906
0.492,14.2073413458367,-11.5153544726967,0,0,-0,95.7324137747125,-32.5968154263584
0.4925,16.5351571249704,-11.2241593558979,0,0,-0,100.048832997911,-1.60047780952501
0.493,18.9051475533652,-10.7139172040508,0,0,-0,104.130546416696,30.953455046089
0.4935,21.3074705723553,-9.90244814192247,0,0,-0,107.965357866397,64.9909828189395
0.494,23.730989609558,-8.67873726819073,0,0,-0,111.53495249724,100.397777915515
0.4945,26.1629303473909,-6.89971892413499,0,0,-0,114.812662631609,137.008050699006
0.495,28.5883814508264,-4.39452920072859,0,0,-0,117.760281852379,174.588652151771
0.4955,30.9895762227973,-0.982707495109233,0,0,-0,120.323492349784,212.816314344843
0.496,33.3448677895822,3.4898079261632,0,0,-0,122.42526866893,251.24535890833
0.4965,35.6272796529747,9.10336828326926,0,0,-0,123.956334632114,289.262966569474
0.497,37.8024801103205,15.8264840602567,0,0,-0,124.761362193863,326.030049892009
0.4975,39.826007752832,23.5101509890354,0,0,-0,124.619119763329,360.409710736692
0.498,41.6396076517994,31.9195138083645,0,0,-0,123.214292626803,390.895295344256
0.4985,43.1667278795438,40.7829191808112,0,0,-0,120.0985049249,415.569685277258
0.499,44.3078066679024,49.8311130285442,0,0,-0,114.638913982016,432.155660251061
0.4995,44.9374001229512,58.8111663414768,0,0,-0,105.956195111223,438.236713641925
0.5,44.9080653026885,67.4736553798105,0,0,-0,92.8624888090177,431.695154682306
